id,knowledge,news,age,educ,male,ideology,party,state_blue,engagement
1,50,63,44.4,14,0,39.3,Democrat,0,79.5
5,79,54,59.5,15,1,69.5,Democrat,0,80.8
6,31,65,43.8,12,0,18,Democrat,0,99.6
8,93,50,29.6,16,1,29.7,Democrat,0,88.6
9,23,12,45.1,12,0,52.5,Democrat,0,82.4
11,23,43,47.5,9,0,62,Democrat,0,67
13,44,34,18.3,10,1,28.3,Democrat,0,69.4
14,97,56,79.1,17,1,30.1,Democrat,0,78.2
16,54,81,32.5,13,0,31.7,Democrat,0,97.8
18,58,66,30.8,16,0,11,Democrat,0,78.3
20,93,91,68,14,1,25.2,Democrat,0,66.1
21,80,64,58.9,15,1,0.2,Democrat,0,54.9
25,62,58,67,16,1,48.4,Democrat,0,98.3
26,71,49,49.9,12,0,17.3,Democrat,0,90.1
27,36,99,33.5,16,0,16.3,Democrat,0,95.3
28,41,6,41.8,12,0,41.8,Democrat,0,83.8
30,78,99,59.8,18,1,79,Democrat,0,56.4
31,49,38,66.8,18,1,49.9,Democrat,0,83.2
33,10,29,65.1,16,0,20,Democrat,0,97.7
38,76,51,65.6,17,0,28.2,Democrat,0,67.8
40,57,62,59.7,18,0,57.7,Democrat,0,89
41,57,48,62.1,15,0,44.4,Democrat,0,69.7
44,70,81,45.3,18,0,58.8,Democrat,0,75.4
45,36,22,28.4,13,0,20,Democrat,0,85.2
46,92,57,44,16,1,59.1,Democrat,0,75.6
49,62,16,53,15,1,39.8,Democrat,0,85.9
50,62,56,53.8,12,0,34.9,Democrat,0,59.3
52,36,44,43.4,13,0,55.4,Democrat,0,73.1
55,49,70,31.1,16,1,30.7,Democrat,0,63.2
59,61,74,69.9,15,0,39.7,Democrat,0,45.6
62,57,28,56.3,14,1,37.4,Democrat,0,60
64,49,17,24.9,8,1,84.2,Democrat,0,27.2
66,39,37,73.9,15,1,47.9,Democrat,0,78.2
71,76,47,48.8,16,1,33.4,Democrat,1,80.9
73,67,66,64.4,13,0,59,Democrat,1,69.6
74,45,6,19.1,14,1,57,Democrat,1,81.1
80,48,23,68.3,13,0,56.3,Democrat,1,83.1
81,66,45,65.1,9,1,29.2,Democrat,1,57.7
83,36,89,80.5,16,0,26.5,Democrat,1,78.6
86,26,68,68.6,16,0,37.4,Democrat,1,40.3
88,83,45,38.9,17,1,28.7,Democrat,1,95.1
96,79,95,69.3,12,1,38.6,Democrat,1,61.3
107,22,27,44.6,10,1,24.1,Democrat,1,45.3
109,44,34,48.4,12,0,42.7,Democrat,1,99.1
114,40,9,58.6,12,1,36.5,Democrat,1,91.2
116,62,44,55.3,14,1,32.3,Democrat,1,88
120,39,45,76.4,14,1,38,Democrat,1,74.9
121,49,56,37.8,15,1,16.8,Democrat,1,80.7
122,36,92,23.1,14,1,46,Democrat,1,80.5
123,19,90,18.9,14,1,47.9,Democrat,1,49.6
125,58,25,42.1,15,0,21.3,Democrat,1,78
127,76,100,87.4,18,0,53.4,Democrat,1,83.6
128,57,68,23.1,15,0,38.7,Democrat,1,79.4
129,57,45,18.5,13,1,6.9,Democrat,1,50.4
131,92,63,44.2,13,1,23.5,Democrat,1,77.6
133,52,23,65,18,1,20.3,Democrat,1,47.3
137,62,22,40.3,16,0,23,Democrat,1,77.6
139,19,8,34.2,12,0,42,Democrat,1,82
142,39,48,51,12,0,27.4,Democrat,1,79.5
144,92,63,82.5,18,1,52,Democrat,1,71.5
146,32,26,50.2,13,1,40,Democrat,1,84.4
147,32,80,66.2,12,0,22,Democrat,1,60.4
148,58,15,49.7,13,1,59.6,Democrat,1,86.8
149,22,59,75.8,12,0,14.2,Democrat,1,67
151,63,91,72.7,14,1,54.2,Democrat,1,71.9
154,49,58,40.2,15,0,42.3,Democrat,1,81.7
155,39,6,50.4,14,0,17.7,Democrat,1,67.9
158,52,22,74.6,13,1,31.3,Democrat,1,77.8
162,50,43,30.6,14,1,23.1,Democrat,1,75
164,66,6,46.3,16,0,25.8,Democrat,1,68.8
166,75,67,49.9,16,1,55.5,Democrat,1,77.3
167,40,20,40,16,1,55.9,Democrat,1,83.5
169,71,60,72.2,15,0,12.6,Democrat,1,84.2
171,92,45,67,14,0,55,Democrat,1,67.5
172,88,47,58.2,13,1,39.5,Democrat,1,55.4
175,63,69,50.5,14,1,69.3,Democrat,1,70.4
180,93,28,52.8,17,0,6,Democrat,1,71.7
181,67,72,76.4,12,0,36.3,Democrat,1,36.3
183,40,40,42.2,10,0,19,Democrat,1,51.2
184,71,6,48.1,13,1,36,Democrat,1,69.5
186,23,42,24.2,12,0,30.9,Democrat,1,71.8
188,18,15,58.5,11,1,8,Democrat,1,58.3
190,85,50,65.6,16,1,27.3,Democrat,1,82.1
193,70,72,39.6,14,0,48.3,Democrat,1,91.3
197,54,19,20,12,0,40.2,Democrat,0,14.7
201,88,77,71,15,1,14.5,Democrat,0,96.7
202,31,38,21.4,16,0,35,Democrat,0,66.3
205,66,41,43.6,15,1,53.1,Democrat,0,79.1
206,45,29,45.5,12,1,24.4,Democrat,0,55.5
208,88,70,25.6,15,1,39.3,Democrat,0,60.9
209,53,22,63.4,16,1,24.5,Democrat,0,68.1
212,67,41,84.3,15,1,38.2,Democrat,1,29.6
217,84,78,45.8,13,0,57.2,Democrat,1,79.4
220,62,37,80.5,11,0,7.1,Democrat,1,73.3
221,78,34,34.2,14,1,24.6,Democrat,1,83.1
230,78,58,80.4,16,1,37.8,Democrat,0,94.9
231,96,70,77.7,17,1,47.9,Democrat,0,78.4
232,44,49,40.1,13,1,52.8,Democrat,0,76.6
233,27,23,38.3,13,1,90.9,Democrat,0,79.3
238,54,45,37.2,14,0,32.5,Democrat,0,93.1
262,76,64,74.6,17,1,15.4,Democrat,0,91.2
263,98,98,73.6,12,0,30.4,Democrat,0,66.7
264,57,44,80,13,1,40.2,Democrat,0,91.9
269,75,88,60.1,14,1,35,Democrat,0,99.2
273,63,80,52.1,16,0,22.8,Democrat,0,80.8
276,53,42,61.5,17,0,39.4,Democrat,0,75
278,62,32,47.7,13,0,52.5,Democrat,0,82.7
279,85,48,45.1,16,1,50,Democrat,0,79.5
280,75,35,51,12,1,32.7,Democrat,0,63.4
282,93,90,53.9,17,1,42.7,Democrat,0,85.7
284,53,12,46.5,12,0,23,Democrat,0,80.8
287,54,68,89,16,0,26,Democrat,0,77.1
289,80,65,37.4,13,1,20.1,Democrat,0,73.4
290,79,51,27.3,17,1,57,Democrat,0,82
291,48,15,41,13,1,58,Democrat,0,66.9
292,19,15,48.6,12,0,49,Democrat,0,66
293,87,78,83.5,16,0,29.8,Democrat,0,74
296,92,75,71.6,17,1,34.3,Democrat,0,90.5
298,36,18,38.7,13,1,42.8,Democrat,0,80.1
299,35,11,18.2,9,1,59,Democrat,0,44.9
300,71,50,58.6,16,1,32.2,Democrat,0,83.9
309,92,45,67.3,12,1,34.3,Democrat,0,76.3
311,41,69,19,12,1,0.4,Democrat,0,82.4
313,80,34,39.2,16,1,38.2,Democrat,0,99.2
315,92,49,60,12,1,33.6,Democrat,0,49.5
316,70,19,39.3,16,1,20.7,Democrat,0,83.5
321,19,9,71,9,0,49.7,Democrat,0,45.6
324,71,16,46.7,17,1,30,Democrat,0,68.3
327,40,48,22.3,12,1,33.2,Democrat,0,78.1
328,66,46,49.7,14,1,26.6,Democrat,0,84
329,39,33,82.5,12,0,89,Democrat,0,73.8
330,45,67,45.1,16,1,30.7,Democrat,0,76
332,100,67,61.3,16,1,37.8,Democrat,0,95.1
335,48,17,81.3,14,0,38.3,Democrat,0,82.9
340,49,25,47,15,0,11.4,Democrat,0,90.7
344,35,7,46.6,15,0,20,Democrat,0,86.1
345,53,45,31,15,1,36.3,Democrat,0,68
347,79,33,69.8,12,0,37.9,Democrat,0,66.9
348,66,77,34.9,17,1,52.6,Democrat,0,94.7
350,41,18,45.9,12,0,81,Democrat,0,71
351,83,75,54.9,12,0,1.4,Democrat,0,84.9
352,27,79,60.4,12,1,37.7,Democrat,0,77.7
355,50,44,37.1,14,1,54.8,Democrat,0,45.2
357,93,48,46,16,0,34.8,Democrat,0,79.2
359,75,44,35,17,1,30.4,Democrat,0,99.9
362,40,54,46.3,15,0,6.7,Democrat,0,68.2
363,83,45,54,16,0,27.4,Democrat,1,99.1
365,67,92,60.7,15,1,37.2,Democrat,1,94.8
368,23,16,19.9,12,1,53,Democrat,1,54.3
380,76,36,42.8,12,0,56.8,Democrat,1,84
383,76,39,35.4,16,0,26.8,Democrat,1,70.7
385,31,52,23.5,15,0,53.2,Democrat,1,72.4
386,31,63,50.1,18,0,45.3,Democrat,1,82.3
388,83,6,65.8,17,1,25.1,Democrat,1,70.4
393,18,27,78.8,12,0,93,Democrat,1,83.7
395,1,48,82.3,11,0,48.6,Democrat,1,81.4
396,28,23,50.2,12,1,66.7,Democrat,1,83.2
397,75,90,39.6,16,1,27.5,Democrat,1,80.6
398,70,23,56.9,13,1,42.6,Democrat,1,57.9
402,48,39,37.6,16,1,25.9,Democrat,1,81.1
405,23,39,44.1,12,0,67.4,Democrat,1,38
406,89,51,58.3,17,1,59.7,Democrat,1,81.2
411,44,7,71.8,9,1,55,Democrat,1,66.5
414,83,26,79,16,1,13.3,Democrat,1,83.2
415,79,13,44.7,12,1,44,Democrat,1,72.4
420,54,40,39.5,12,1,19.7,Democrat,1,79.7
421,83,76,56.1,16,1,30.4,Democrat,0,88.6
423,71,28,52.1,14,0,53.2,Democrat,0,85.3
426,75,47,30.9,12,1,31.5,Democrat,0,71.8
427,54,26,72.9,11,0,46,Democrat,0,63.4
430,27,25,41.4,15,0,46.3,Democrat,0,79.3
432,50,34,37.6,13,1,55.7,Democrat,0,82.4
434,36,35,36,14,1,60,Democrat,0,64
435,62,50,51.4,12,0,41.3,Democrat,0,62.3
436,44,6,31.5,18,0,32.3,Democrat,0,67.3
437,39,40,33.5,12,0,3.8,Democrat,0,57.6
438,78,20,60.7,18,1,21,Democrat,0,82.3
441,88,63,51.6,18,1,35.1,Democrat,0,70.6
445,83,61,28.3,18,1,46.5,Democrat,0,64.7
447,71,97,56.8,14,0,25.1,Democrat,0,56.8
455,70,62,45.2,14,0,13.9,Democrat,0,64
459,58,43,53.8,13,0,34.2,Democrat,0,71.8
465,88,86,67.4,17,1,58.5,Democrat,0,66.6
470,45,91,29.2,12,0,8,Democrat,0,81.4
472,62,63,80.7,16,0,51.8,Democrat,0,87.5
474,48,60,44.4,12,0,32.7,Democrat,0,71.9
476,61,46,48.9,12,1,2.5,Democrat,0,84.5
477,44,87,28.7,13,0,27.8,Democrat,0,62
479,39,42,60.1,12,0,57.9,Democrat,0,79.4
484,97,14,19,10,1,8.1,Democrat,0,69.3
485,87,71,75.3,12,1,35.7,Democrat,0,55.7
487,58,42,62.5,14,0,23.8,Democrat,0,84.7
488,62,67,57.5,16,0,35.2,Democrat,0,87.4
489,83,60,38.8,12,1,39.7,Democrat,0,69.4
493,23,8,18.4,16,1,77,Democrat,0,61.3
495,79,72,32.1,18,1,53.2,Democrat,0,54.2
496,96,63,68,12,0,2.3,Democrat,0,73.6
500,92,80,69.8,15,1,24.8,Democrat,0,84.2
501,66,32,60.6,13,0,40.4,Democrat,0,95.9
502,97,18,32.6,16,0,32.1,Democrat,0,89.7
506,62,72,37.1,13,1,46.1,Democrat,0,89.4
507,66,46,50,16,1,22,Democrat,0,84
509,49,61,60.2,12,0,62.4,Democrat,0,88.5
514,84,37,43.2,13,1,56.2,Democrat,0,60.3
516,48,29,60,16,1,56.2,Democrat,0,73.4
517,35,51,49.4,12,0,91.6,Democrat,0,54
518,76,67,77.8,12,0,30.9,Democrat,0,68.5
519,75,73,62.4,14,1,11.1,Democrat,0,95.5
520,40,6,32.5,18,0,46.7,Democrat,0,89.4
523,97,57,41.9,13,1,20.2,Democrat,0,67.7
524,93,64,50.2,14,1,51.8,Democrat,0,78.1
526,65,51,34.9,16,0,31.2,Democrat,0,97.4
528,71,87,77,16,1,35.7,Democrat,0,51.8
530,97,43,42.4,13,0,35.4,Democrat,0,91.5
531,75,62,62.8,15,0,29.2,Democrat,0,92.9
533,75,73,69.9,15,1,24.7,Democrat,0,66.8
534,19,11,47.6,10,0,42.9,Democrat,0,95.1
535,32,15,73.1,14,0,71,Democrat,0,50.1
539,70,93,22.8,13,0,20.4,Democrat,0,75.3
544,67,67,57.9,12,0,23.9,Democrat,0,53.2
545,57,44,42.1,16,1,35.1,Democrat,1,74.6
548,39,12,54.9,18,0,26.3,Democrat,1,51.3
552,53,68,48.8,16,0,49.5,Democrat,0,90.6
561,79,47,69.8,12,0,22.5,Democrat,0,69.7
564,66,80,53.7,18,0,51.8,Democrat,0,87.1
569,48,56,34.7,12,1,18.6,Democrat,0,81.3
570,70,69,25.8,14,1,22.1,Democrat,0,81.3
579,36,84,22.2,12,0,34,Democrat,0,76.4
592,88,68,36.8,16,1,40.7,Democrat,1,74.4
593,40,44,18.1,10,1,45.8,Democrat,1,28.4
596,10,56,88,16,1,41,Democrat,1,47.2
601,23,93,19.7,10,1,2,Democrat,1,84
602,96,58,55,16,0,34.5,Democrat,1,85.9
608,66,77,74,14,0,46.1,Democrat,1,72.3
609,100,96,62.3,16,1,0.2,Democrat,1,77.1
613,45,90,86.5,13,0,55.8,Democrat,1,69.9
618,32,48,86.2,12,0,50.6,Democrat,1,82.2
620,65,33,41.8,14,0,38.1,Democrat,1,95.6
621,67,93,45.9,17,1,24.4,Democrat,1,89
622,62,53,34.5,17,0,41.9,Democrat,1,70.8
625,36,64,71.1,13,1,88,Democrat,1,84
628,75,57,38.1,17,0,34.2,Democrat,1,81.5
629,97,45,84.8,16,0,30.3,Democrat,1,97.6
634,22,8,72.2,10,0,57,Democrat,1,84.9
635,36,22,76.8,12,0,5.2,Democrat,1,67.3
638,83,53,93,12,0,38.6,Democrat,1,93.6
640,83,86,70.3,12,0,27.3,Democrat,1,91.1
643,66,21,55.2,14,0,58,Democrat,1,85.7
647,31,26,54.9,10,1,89,Democrat,1,33.9
648,62,44,83.4,18,1,22.3,Democrat,1,53.3
649,75,56,18.3,12,1,50.7,Democrat,1,15.7
651,54,93,55.3,12,0,50.8,Democrat,1,80
652,52,14,34.4,16,0,23.8,Democrat,1,80.6
655,88,90,37.4,14,1,59.9,Democrat,1,71.9
656,27,18,66.7,12,0,41.7,Democrat,1,76.6
657,84,45,37.8,13,1,32.4,Democrat,1,84.6
666,37,16,37.1,18,0,35.4,Democrat,1,66.1
670,32,13,34.5,15,0,46.4,Democrat,1,85.6
679,58,24,28.7,13,0,39.6,Democrat,1,97.6
692,92,42,63.4,13,1,44.7,Democrat,1,87
696,75,41,44.7,16,0,6.9,Democrat,0,68.6
697,50,45,64.7,12,0,43.5,Democrat,0,75.5
698,89,61,45.4,15,0,36.8,Democrat,0,96.3
700,45,36,20.5,14,1,20.5,Democrat,0,68.3
706,71,35,43,17,0,7.6,Democrat,0,80
707,45,39,58.4,14,1,49.2,Democrat,0,72.7
708,62,62,57.7,16,0,31,Democrat,0,85
710,58,60,57.2,17,0,30.8,Democrat,0,93.3
712,63,97,59,18,0,40.3,Democrat,0,76.6
716,41,48,18,10,1,54.2,Democrat,0,46.4
717,100,41,68.9,16,1,20,Democrat,0,77.7
718,45,93,86.2,18,1,8.6,Democrat,0,86.8
720,52,56,72.8,14,1,10.4,Democrat,0,66.2
724,27,23,27.9,16,0,43.8,Democrat,0,80.9
725,61,67,37.8,16,0,7.7,Democrat,0,86.3
726,57,32,57.3,18,0,54,Democrat,0,82.5
727,70,34,42.6,12,1,28.2,Democrat,0,68.8
729,54,18,42.8,16,0,38.7,Democrat,0,76.8
732,75,68,70.2,18,1,58.6,Democrat,0,85.4
734,32,72,44,12,1,40.3,Democrat,0,81
735,71,30,27.7,16,1,55.1,Democrat,0,75.7
736,57,47,59.3,12,1,5.9,Democrat,0,66.8
739,44,54,45.3,12,0,30.3,Democrat,0,65.2
742,78,34,53.7,13,1,14.1,Democrat,0,76.2
749,80,71,52.5,16,0,41.6,Democrat,0,79.6
750,70,60,63.9,12,0,32.7,Democrat,0,80.1
752,89,51,64.3,12,1,58.1,Democrat,0,98.7
757,62,85,31.9,16,1,30.5,Democrat,0,81.8
761,62,36,76.1,13,1,21.4,Democrat,0,84.9
764,28,19,29.3,9,1,94.4,Democrat,0,51.8
765,45,39,34,16,0,48.1,Democrat,0,77
769,44,15,48.7,12,0,34.7,Democrat,0,81.8
770,62,58,45.4,12,1,31.5,Democrat,0,57.8
775,66,45,55.4,16,1,49.4,Democrat,0,63
779,70,10,52.2,12,1,41.6,Democrat,0,75.6
780,44,45,45.5,12,0,50.5,Democrat,0,82.4
782,40,59,30.2,16,0,22.2,Democrat,0,59.4
789,44,21,27.5,13,0,22.6,Democrat,0,67.1
790,45,48,40.3,16,0,26.4,Democrat,0,76.5
793,57,99,70.5,16,0,34.5,Democrat,0,78.9
794,71,72,59.3,15,1,47.1,Democrat,0,67.8
795,83,32,62.3,15,1,40.5,Democrat,0,91.2
796,79,86,53.5,15,1,47.9,Democrat,1,76.8
798,76,16,67.1,16,0,21.2,Democrat,1,76.5
800,62,47,26.2,13,1,83.4,Democrat,1,85.7
803,58,61,60,12,1,46.3,Democrat,1,86.4
812,83,40,71.3,14,1,22.3,Democrat,1,80.1
816,67,72,20.4,15,1,27.3,Democrat,1,54.3
819,57,97,44.2,16,1,35.8,Democrat,1,93.3
822,65,49,43.5,16,0,41.7,Democrat,1,91.8
823,89,49,72,16,1,51.8,Democrat,1,62.3
826,65,43,59.6,12,1,27.6,Democrat,1,94.4
831,75,100,79.7,15,0,55,Democrat,1,82.9
834,84,36,39.4,16,0,37.9,Democrat,1,65.2
836,71,84,66.7,17,0,26.2,Democrat,1,64.3
841,66,37,69.7,17,0,40.6,Democrat,0,94.1
848,67,51,53.5,17,0,25.1,Democrat,0,80.2
850,44,37,40.9,17,1,55.3,Democrat,0,79.1
853,39,6,26,14,1,23.8,Democrat,0,79.5
854,24,64,18.8,12,0,53.4,Democrat,0,76.7
855,40,18,37.6,13,1,51,Democrat,0,68
858,80,74,57.3,13,0,50,Democrat,1,96.6
860,53,62,78.1,16,0,25.8,Democrat,1,69.5
864,53,68,52.3,15,1,36,Democrat,1,62.9
867,49,39,88.5,11,0,46.2,Democrat,1,80.3
870,15,67,68.1,9,1,55.8,Democrat,1,72.6
874,65,56,66.6,12,1,76.8,Democrat,1,74.4
875,36,30,66.5,12,0,53.2,Democrat,1,37.6
876,58,78,38.9,14,0,44.5,Democrat,1,75.3
882,37,70,50.6,12,0,23.6,Democrat,1,84.5
888,88,64,77.7,16,0,49.8,Democrat,1,76.8
897,44,89,74.7,17,0,21.4,Democrat,1,77.7
902,83,60,46,13,1,23.4,Democrat,1,84.1
904,85,75,33.7,16,0,22.9,Democrat,1,88
905,74,58,59.4,13,1,8.2,Democrat,1,68.2
907,67,22,56.4,14,1,43.3,Democrat,1,37.3
913,14,97,38.2,16,0,58,Democrat,1,45.8
920,19,37,72.9,9,0,69,Democrat,1,59.8
921,58,49,31.2,13,1,21.7,Democrat,1,81.1
922,26,32,46.9,13,0,86,Democrat,1,53.8
926,54,50,86,9,0,39.8,Democrat,1,68.9
934,58,49,37.8,15,0,20.1,Democrat,1,74.4
938,66,49,58.4,12,1,37.4,Democrat,1,35.2
939,66,59,93.9,16,1,27.1,Democrat,1,86.8
942,57,20,59.2,15,0,57.7,Democrat,1,82.6
947,83,75,53.3,14,1,5.1,Democrat,0,99.5
948,67,83,31,12,1,29.1,Democrat,0,77.3
954,50,18,28.3,13,0,31.9,Democrat,0,94.2
961,75,50,46.4,16,1,32.9,Democrat,0,71.5
962,76,69,50,18,1,45.3,Democrat,0,83
963,57,66,47.8,15,0,22.8,Democrat,0,65.9
971,67,93,58.6,12,1,47.5,Democrat,0,81.9
974,32,7,47.4,12,0,29.2,Democrat,0,96.1
976,22,13,45.7,12,0,47.2,Democrat,0,14.3
980,27,6,51.3,12,0,26.2,Democrat,0,71.5
981,84,98,59.8,13,0,57.3,Democrat,0,82.5
982,27,66,31,9,1,50.3,Democrat,0,48.5
988,61,65,18.8,9,1,24.5,Democrat,0,70.9
990,91,47,65.7,12,1,29.5,Democrat,0,75
991,76,22,47.7,12,1,24.4,Democrat,0,72.2
994,35,25,46.3,14,0,40.3,Democrat,0,65.1
997,27,12,41.6,14,0,51,Democrat,0,76.8
998,40,27,63.9,12,1,41.7,Democrat,0,73.5
1001,74,45,51.1,14,1,28.8,Democrat,0,83.4
1003,62,34,45.3,12,0,46,Democrat,0,79.4
1009,93,92,47.7,18,1,42.5,Democrat,0,93.6
1011,75,63,65.7,16,0,31.7,Democrat,0,83.3
1014,88,59,53.7,16,1,3.4,Democrat,0,97.2
1026,53,83,42.9,13,0,35.3,Democrat,0,70.4
1029,54,6,64.5,12,1,38.7,Democrat,0,80.9
1030,88,52,77.3,16,1,36.7,Democrat,0,83.9
1032,87,77,27.9,18,1,58.7,Democrat,0,83.9
1033,91,56,37,16,1,13.6,Democrat,0,91.6
1040,76,35,70.3,11,0,11.9,Democrat,0,83.8
1044,41,43,71.6,12,0,52.1,Democrat,0,67.4
1046,48,46,43.3,12,1,41,Democrat,0,98.2
1047,80,58,51.3,17,1,35.1,Democrat,0,82.2
1051,80,40,44.3,16,0,50.2,Democrat,0,72.5
1052,41,38,80.7,14,1,33.1,Democrat,0,85.3
1055,57,6,50.9,18,1,52.5,Democrat,0,66.9
1056,63,50,35.5,16,1,52.2,Democrat,0,50.1
1064,36,33,57.7,12,1,50.5,Democrat,0,79.1
1065,37,7,46.9,12,1,26,Democrat,0,70.3
1068,45,20,65.9,12,1,22.5,Democrat,0,78.3
1069,53,28,28.8,13,1,26.9,Democrat,0,76.7
1071,26,27,21,12,0,22.2,Democrat,0,82.9
1072,61,57,47.1,17,0,22.4,Democrat,0,83.9
1075,44,33,45.8,12,0,34.9,Democrat,0,87.3
1076,70,51,37.9,15,0,54.1,Democrat,0,96.2
1077,48,42,18.3,12,0,41,Democrat,0,65
1080,32,6,48.6,13,0,2.9,Democrat,0,69.1
1082,58,53,21.7,16,1,23.9,Democrat,0,87.1
1086,52,53,73.6,10,0,53.7,Democrat,0,61
1091,44,97,37,15,0,61.7,Democrat,0,94.3
1093,66,99,76.2,12,0,29.2,Democrat,0,86.5
1094,45,47,59.5,16,0,34.5,Democrat,0,49.5
1101,62,63,50.4,13,0,56.9,Democrat,1,85.1
1102,70,72,63.8,14,1,55.5,Democrat,1,70.1
1103,87,44,61.5,15,0,23.9,Democrat,1,85.1
1104,50,60,46,12,0,30.1,Democrat,1,96.7
1113,71,32,79.4,12,1,58.8,Democrat,1,70.7
1120,22,18,23.7,12,0,64.6,Democrat,1,60.5
1135,41,17,31.4,18,0,58.1,Democrat,1,84.8
1136,58,54,76.2,14,0,45.8,Democrat,1,60.6
1143,62,50,19.7,13,0,31.1,Democrat,1,55.4
1144,31,6,18.5,9,1,52.7,Democrat,1,47
1145,66,58,56.2,16,0,33.8,Democrat,1,75.9
1146,79,22,74.1,15,0,28.1,Democrat,1,81.9
1148,49,33,56.8,16,0,52.1,Democrat,1,73
1150,80,95,57,18,1,47.5,Democrat,1,79.7
1151,61,39,37.1,15,1,29.8,Democrat,1,64.8
1154,44,31,73.5,12,1,39.7,Democrat,1,39
1156,57,19,49.1,17,0,51.6,Democrat,1,80
1158,80,51,46.8,17,0,36.5,Democrat,1,79.3
1159,58,77,49.2,10,1,38.1,Democrat,1,72.7
1160,92,76,64.8,14,1,25.6,Democrat,1,91.3
1161,31,43,57.6,12,0,3.3,Democrat,1,64.8
1162,58,99,59.4,12,0,58.9,Democrat,1,57
1164,83,78,54.9,12,0,24.8,Democrat,1,92.3
1165,83,28,49,17,1,33.5,Democrat,1,66.3
1167,40,98,47.1,12,0,83.9,Democrat,1,43.2
1168,49,14,65.1,11,1,52.1,Democrat,1,43.9
1169,76,89,40.4,18,1,76.9,Democrat,1,66.7
1171,66,48,85.8,12,0,29.9,Democrat,1,91.4
1174,88,74,49.8,18,0,50.4,Democrat,1,94.9
1178,89,69,75.4,16,1,46.1,Democrat,1,76.1
1189,18,9,45.1,12,1,77.7,Democrat,1,46.5
1190,70,38,77.4,12,1,39.5,Democrat,1,73.4
1194,58,99,24.1,14,1,25.2,Democrat,1,64.5
1202,75,23,23.9,16,1,23,Democrat,0,69.1
1205,78,42,59,12,1,28.8,Democrat,0,52.2
1210,31,45,23.4,12,1,30.9,Democrat,0,66.4
1211,88,72,71.6,12,1,26.2,Democrat,0,99.1
1212,23,26,20.2,15,1,27.3,Democrat,0,54.5
1214,79,69,35.8,16,1,24.3,Democrat,0,66.4
1216,54,55,65.6,8,1,22.8,Democrat,0,83.3
1219,89,70,46.7,13,1,38.2,Democrat,0,55.4
1222,52,64,52.9,17,0,50.3,Democrat,0,72.1
1225,93,43,48.3,16,0,35.3,Democrat,0,53.4
1226,27,47,85.6,18,1,59.5,Democrat,0,76.5
1228,71,32,50.3,13,1,59.2,Democrat,0,68
1231,66,66,77.9,12,0,28.8,Democrat,0,84.6
1234,76,80,40.1,16,1,28.2,Democrat,0,84.3
1238,67,91,44.2,13,1,22.7,Democrat,0,84.2
1246,57,51,47.3,12,1,4,Democrat,0,81.4
1249,87,92,32.9,16,1,25,Democrat,0,92.2
1250,31,10,32.8,16,1,59.2,Democrat,0,64
1253,31,97,39,16,0,0,Democrat,0,98.5
1254,87,32,65,16,1,55.9,Democrat,0,90.4
1255,71,29,70.8,12,1,38.3,Democrat,0,80.9
1257,44,33,46.1,14,0,21.1,Democrat,0,88.8
1258,58,32,41.7,12,1,27.6,Democrat,0,84.7
1260,80,55,59.5,17,1,28.5,Democrat,0,80.7
1261,49,25,53.1,12,0,51.1,Democrat,0,70.8
1264,49,30,18,18,1,59.7,Democrat,0,39.8
1265,97,95,67.8,15,1,20.8,Democrat,0,83.2
1267,48,39,39.9,15,0,50.7,Democrat,0,65.1
1270,36,50,18.1,10,1,73.5,Democrat,0,54.1
1271,49,57,36.9,12,0,48.7,Democrat,0,83.9
1273,52,76,50.5,15,0,61.4,Democrat,0,85.9
1274,78,56,66.8,12,1,14.3,Democrat,0,67.2
1276,88,96,43.1,12,1,30.6,Democrat,0,45
1278,67,87,43.1,13,0,27.4,Democrat,0,84.6
1279,61,52,45.9,16,0,46.3,Democrat,0,80.7
1281,35,68,44.9,9,1,25,Democrat,0,54.5
1293,35,20,86.8,17,1,59.4,Democrat,0,71.8
1294,83,69,27.4,16,1,49,Democrat,0,78.5
1295,67,31,79.3,12,0,20.9,Democrat,0,82.4
1296,70,30,56.5,16,1,2.2,Democrat,0,86.2
1297,57,50,62.8,16,0,59.2,Democrat,0,85.5
1299,53,46,51.1,14,1,25.8,Democrat,0,84.4
1300,72,33,60.2,12,1,49.4,Democrat,0,83.6
1301,31,7,60.6,12,1,28.5,Democrat,0,77.4
1306,19,6,25.1,16,1,46.9,Democrat,0,54.7
1308,40,31,50.2,15,0,39.6,Democrat,0,85
1309,70,67,28.8,18,0,46.6,Democrat,0,84.9
1311,58,31,39.9,16,0,52.4,Democrat,0,84.6
1312,41,6,51.1,17,0,32.5,Democrat,0,63.6
1314,70,54,29,14,1,21.2,Democrat,0,55.8
1315,23,98,32.9,10,0,56,Democrat,0,64.9
1317,79,58,74.2,18,1,32.7,Democrat,0,92.3
1327,98,80,56.3,16,1,25.1,Democrat,0,85
1329,71,57,44.7,13,0,42.6,Democrat,0,68
1330,70,29,38.1,13,0,27.9,Democrat,0,49
1331,92,14,52.4,15,1,30.1,Democrat,0,93.8
1332,88,52,48.9,13,0,10.8,Democrat,0,95.4
1333,49,62,61.8,8,1,47.2,Democrat,0,76.5
1337,93,30,36.4,12,1,30.9,Democrat,0,52.5
1338,53,47,50.9,14,0,6.4,Democrat,0,77.4
1340,80,25,91.7,14,1,26.3,Democrat,0,82.8
1343,10,60,31.1,16,0,65.1,Democrat,0,19.8
1345,74,53,44.4,18,1,46.2,Democrat,0,91.9
1347,67,79,48.4,12,0,21.9,Democrat,0,38.7
1348,41,35,35.2,18,1,38.2,Democrat,0,83.8
1349,53,61,18.6,11,1,23.4,Democrat,0,60
1354,32,89,21,13,1,28,Democrat,0,75
1356,75,49,60.9,16,1,49.2,Democrat,0,86.5
1357,48,44,18,12,1,15.2,Democrat,0,77.6
1364,40,45,48.8,16,0,30.6,Democrat,1,97.2
1368,53,36,44,12,1,56,Democrat,1,45.2
1371,84,32,76.6,18,0,57.3,Democrat,0,84.5
1372,54,34,70.3,12,0,56,Democrat,0,95.6
1375,58,32,37.6,16,0,77.4,Democrat,0,76.7
1378,57,71,67.3,12,1,33.2,Democrat,0,43.5
1384,70,10,49.1,17,0,37.6,Democrat,0,91.6
1386,100,62,62,17,1,54.3,Democrat,0,68.7
1390,18,75,80.6,12,0,87,Democrat,0,79.5
1394,23,24,34.7,16,0,35.7,Democrat,0,43.4
1398,87,57,55,16,1,21.2,Democrat,0,55.7
1403,75,31,61.6,13,1,9.1,Democrat,0,88.5
1404,80,67,23.8,16,1,59.8,Democrat,0,21
1405,27,6,58.9,16,1,32.9,Democrat,0,68
1410,32,32,62,12,1,83,Democrat,0,73
1411,53,35,47.1,16,0,31.9,Democrat,0,64.6
1413,83,80,72.2,13,1,30.5,Democrat,0,74.2
1416,40,63,60.5,12,0,33.3,Democrat,0,40.4
1418,62,84,43.7,16,1,23.4,Democrat,1,99.5
1420,49,38,59.2,17,0,45.2,Democrat,1,85.9
1422,92,72,50.4,15,1,27.8,Democrat,1,81.1
1429,93,52,68.6,18,0,32.6,Democrat,1,89.7
1432,57,6,52.3,16,1,31.3,Democrat,1,79.9
1434,35,51,37.1,12,0,30.5,Democrat,1,62.5
1435,92,57,76.4,18,1,57.3,Democrat,1,84
1436,24,6,64.8,14,0,39.5,Democrat,1,64.8
1440,79,41,85.3,12,0,33.1,Democrat,1,55.4
1442,71,39,41.6,17,1,57.1,Democrat,1,96.4
1447,75,66,64.4,13,1,27.1,Democrat,1,95.2
1453,62,100,60.9,14,0,22.3,Democrat,0,77.5
1455,48,25,32.9,13,0,40.9,Democrat,0,40.6
1456,84,77,40.6,16,1,40.1,Democrat,0,73
1457,79,33,49.4,17,0,0.9,Democrat,0,75.1
1468,28,29,56,12,1,75.4,Democrat,1,85.6
1469,22,20,59.8,8,1,68.5,Democrat,1,68.8
1470,45,24,19.7,12,1,41,Democrat,1,97.8
1477,71,20,26.4,16,1,29,Democrat,1,76.5
1479,93,56,63.6,16,1,27.2,Democrat,1,97.7
1480,70,39,67.3,13,1,27.3,Democrat,1,51.5
1481,35,58,30.4,14,0,38,Democrat,1,99.3
1491,88,73,60.9,18,0,46.9,Democrat,1,99.9
1493,44,24,18.4,9,1,39.5,Democrat,1,87
1494,65,24,27.7,18,1,40.3,Democrat,1,59.4
1500,41,6,40,12,0,20.8,Democrat,1,87
1501,44,74,47.6,14,0,44.1,Democrat,1,55.5
2,32,59,67.9,9,0,35.6,Republican,0,69.2
3,45,49,45.7,12,0,75.7,Republican,0,61
12,35,29,80.7,12,0,54,Republican,0,68.5
15,5,11,91.3,11,0,64,Republican,0,84.5
17,79,66,37.7,15,0,41,Republican,0,83.8
19,96,57,49,15,0,17,Republican,0,92.4
22,22,22,50,12,0,48.9,Republican,0,75.2
23,79,63,51.9,16,1,65.2,Republican,0,83.4
24,45,6,83.1,9,0,53.3,Republican,0,64.5
29,62,72,72.8,13,0,42.7,Republican,0,75.8
32,84,27,45.4,14,0,64.9,Republican,0,88.1
34,44,70,80.5,11,1,25,Republican,0,73.9
36,36,55,21.8,13,1,41.9,Republican,0,72.5
37,49,73,31,13,1,57.8,Republican,0,57.4
39,57,89,50.7,16,0,82.5,Republican,0,87.4
43,27,31,18.2,8,1,6,Republican,0,71.4
47,31,6,51.8,14,0,33.6,Republican,0,62.8
48,84,71,38.6,16,0,44.2,Republican,0,89.8
51,79,83,62,15,1,43.1,Republican,0,93.5
54,37,68,80.2,8,1,13,Republican,0,51.9
56,97,78,75.1,13,1,56.8,Republican,0,78.1
57,84,67,64.8,12,1,31.4,Republican,0,64.5
58,61,96,83.2,12,0,52,Republican,0,76.1
60,58,58,26.6,16,0,45.5,Republican,0,31.9
61,92,92,44,16,0,42.7,Republican,0,97.2
63,96,44,52.1,16,0,44,Republican,0,80.6
68,53,63,64.7,12,1,79.5,Republican,1,93.6
72,74,36,51.1,18,0,94.4,Republican,1,86
75,36,39,61.3,15,1,6,Republican,1,16.7
76,92,71,62.2,12,1,69,Republican,1,86.4
77,80,53,70.7,17,0,70.3,Republican,1,97.9
78,92,95,73.9,16,1,92.8,Republican,1,96.3
79,49,6,60.6,16,1,50.5,Republican,1,38.7
82,57,84,84.2,18,0,57.4,Republican,1,87.9
84,78,73,29.5,16,0,93.2,Republican,1,86
85,70,55,61.9,17,0,73.3,Republican,1,85.7
87,83,90,46.4,18,1,78.7,Republican,1,77.2
89,54,30,52.3,12,0,40.1,Republican,1,79.4
91,79,55,22.8,16,0,56.4,Republican,1,98.3
92,58,18,35.6,17,1,53.5,Republican,1,76
93,88,29,55.3,18,0,66.7,Republican,1,85
94,75,49,77.6,15,1,98.2,Republican,1,85.8
95,83,86,53.5,12,1,50.1,Republican,1,73.8
97,83,77,88.9,12,0,51.7,Republican,1,96.7
98,45,38,74.7,14,0,26.6,Republican,1,74
103,76,84,60.9,12,1,51.7,Republican,1,62
104,22,6,27.6,12,0,68,Republican,1,53.1
105,18,62,18.5,12,0,74.5,Republican,1,97.8
106,96,70,51.4,14,1,71.3,Republican,1,75.5
108,78,70,63.5,16,0,37.8,Republican,1,52.8
111,92,43,75.4,16,0,42.4,Republican,1,97.9
112,32,30,33.1,12,0,89.1,Republican,1,62
113,91,83,68.2,16,0,74.8,Republican,1,85.5
115,88,67,69.8,17,0,42.6,Republican,1,90.6
117,58,68,67.1,12,0,43.1,Republican,1,54.2
119,65,86,78.1,16,0,92,Republican,1,88.3
124,39,32,43.8,16,0,22.3,Republican,1,59
126,40,50,18.1,12,0,53.3,Republican,1,40.8
130,96,36,62.4,16,1,59,Republican,1,79.4
136,49,91,85.1,13,1,69.7,Republican,1,50.4
138,97,20,60.5,17,1,27.3,Republican,1,63.8
141,62,28,55.7,18,0,86.8,Republican,1,70.8
143,67,24,48.3,18,1,68.2,Republican,1,98.6
145,13,50,19.3,11,0,84.3,Republican,1,61
150,83,35,41.2,18,0,67.1,Republican,1,80.6
152,36,22,19.4,15,1,98.3,Republican,1,86.4
153,31,50,18.5,12,0,73.4,Republican,1,31.3
156,31,59,67.2,12,0,56.7,Republican,1,93.8
157,75,78,23.5,14,1,85.5,Republican,1,92.7
160,79,16,28.4,17,0,66.2,Republican,1,93.1
161,36,45,78.1,16,1,47.7,Republican,1,95.9
163,27,32,66.3,12,0,64.8,Republican,1,64.1
168,84,53,65.9,18,0,48,Republican,1,80
170,67,48,36.1,17,0,51.5,Republican,1,68.8
173,74,59,45.5,17,1,60,Republican,1,77.1
174,52,79,64.1,12,0,44.8,Republican,1,99.4
176,26,21,42.1,14,1,28.9,Republican,1,72.2
177,70,99,60.8,13,1,21,Republican,1,84
179,92,13,35.2,16,1,60.2,Republican,1,83.1
182,70,26,50.8,12,1,24.2,Republican,1,52.7
185,23,18,44,12,0,61,Republican,1,70.6
187,19,16,30.3,12,0,90.4,Republican,1,67.5
189,57,79,70.3,13,0,65.8,Republican,1,79.3
191,49,35,65,12,1,28.9,Republican,1,80
192,49,13,55.6,13,1,48.5,Republican,1,83.7
194,83,40,48.5,18,0,51.2,Republican,1,78.3
196,89,79,76.3,15,0,93,Republican,1,86.5
198,36,66,37.8,12,1,76.5,Republican,0,78.7
200,63,48,44.9,16,1,71.9,Republican,0,93.9
203,53,6,37.4,12,1,49.1,Republican,0,52.5
204,97,62,26.6,16,1,65.3,Republican,0,86
213,76,53,55.5,17,1,40.1,Republican,1,95.5
214,36,26,39.6,13,0,28.3,Republican,1,72.1
215,58,50,46.5,17,0,57.4,Republican,1,78.3
216,89,90,76,16,1,59.2,Republican,1,84.7
223,53,74,32.6,16,0,62.5,Republican,1,45.1
225,58,15,43.4,15,0,36.6,Republican,1,42.9
226,70,28,48.6,13,0,46.5,Republican,1,78.3
228,70,97,47,16,1,41.9,Republican,1,81.2
237,22,43,44.1,12,0,93,Republican,0,81
240,57,29,70.3,13,1,26.7,Republican,0,85.4
241,28,59,60.2,9,0,39.6,Republican,0,63.3
242,58,58,49.5,18,0,79.7,Republican,0,87.3
244,58,64,73.1,12,0,31.9,Republican,0,56.8
245,26,52,21.4,13,1,50.8,Republican,0,65.4
246,32,36,55.1,12,1,42,Republican,0,63.5
248,23,10,50,15,1,21,Republican,0,19.4
249,50,100,41.9,16,1,46.6,Republican,0,78.6
250,39,54,30.4,12,1,52.4,Republican,0,44.7
251,84,72,71.7,12,1,34.4,Republican,0,83.7
252,71,88,47.2,14,1,22.6,Republican,0,82
255,100,65,72.3,17,1,72.4,Republican,0,91
256,96,94,29.6,16,1,55.1,Republican,0,77.1
258,45,41,33.7,13,0,21.7,Republican,0,78.2
259,41,66,51.9,16,0,7,Republican,0,35.1
260,35,47,80.2,17,1,32.3,Republican,0,83
261,93,37,53,16,0,53,Republican,0,93.6
267,54,71,18.3,12,0,73.6,Republican,0,81.4
268,45,65,35.1,12,1,52.8,Republican,0,40.9
270,66,59,72.1,18,0,68,Republican,0,89.6
271,41,59,84.1,18,1,55.2,Republican,0,87.3
272,75,39,58.6,16,0,83,Republican,0,80.2
274,49,40,42.1,17,1,48.4,Republican,0,79.9
275,49,73,19,9,0,77.6,Republican,0,46.6
277,10,7,50,12,0,42.2,Republican,0,67.7
283,88,93,70,16,0,58.2,Republican,0,50.2
285,96,34,58.1,17,1,77.6,Republican,0,91
288,74,77,88.2,16,1,41.5,Republican,0,76.7
294,93,56,47.1,17,0,48.4,Republican,0,81.2
301,41,36,66,12,0,58.9,Republican,0,35.3
306,70,74,48.2,12,1,50.3,Republican,0,39.5
307,41,12,54.6,16,0,58.5,Republican,0,70.1
308,50,75,30.3,16,0,62,Republican,0,78.1
310,40,6,18.5,10,1,33.4,Republican,0,19.3
312,23,8,23,15,0,21.5,Republican,0,91.2
314,62,73,57.5,13,0,54.5,Republican,0,95.1
317,67,42,48.8,12,1,42.9,Republican,0,77.2
318,70,50,52.6,15,1,64.5,Republican,0,70
319,40,31,40.9,12,1,37,Republican,0,61.8
320,36,97,39.4,12,0,53.4,Republican,0,52.3
323,49,80,67.9,15,0,28.6,Republican,0,98.3
325,31,61,47.4,13,0,25.2,Republican,0,47.5
326,31,65,52.8,14,0,30.8,Republican,0,63.2
331,62,95,58.4,12,0,50.6,Republican,0,77.5
333,74,35,54.4,17,1,69.8,Republican,0,58.2
336,48,66,58.8,17,0,71,Republican,0,81.7
338,32,96,35.1,12,1,52.3,Republican,0,67.8
339,36,42,40.3,11,0,66.3,Republican,0,60.2
342,35,50,18,12,0,23.3,Republican,0,41.4
343,52,45,30,14,0,42.7,Republican,0,80.3
346,31,14,61.7,10,1,62.6,Republican,0,83.2
349,32,76,61.9,12,1,23.1,Republican,0,81.6
353,83,64,73.9,15,0,48.1,Republican,0,82.8
354,58,86,46.1,12,1,71.8,Republican,0,56.9
356,100,63,53.6,18,1,55.3,Republican,0,89
358,92,73,48.8,16,1,43.7,Republican,0,77.3
360,24,33,50.1,11,1,32.9,Republican,0,46.4
364,84,41,54.4,16,1,44.1,Republican,1,70.3
366,66,70,39.7,18,0,72.2,Republican,1,76.8
367,32,57,19.3,14,0,59,Republican,1,51.9
369,83,35,72.9,18,1,67.4,Republican,1,87.1
370,48,76,58.2,16,1,77.1,Republican,1,41.2
371,83,94,64.8,17,1,58.8,Republican,1,84.8
372,71,65,68.2,15,0,56.6,Republican,1,85.1
373,23,25,81.5,8,1,71,Republican,1,77
374,37,28,20.5,13,1,31.8,Republican,1,94.6
375,48,57,24.3,13,0,94,Republican,1,83.3
376,74,76,61.6,17,0,64.3,Republican,1,73.9
379,67,54,42.5,17,0,71,Republican,1,81.6
381,35,57,22.5,13,1,92,Republican,1,62.8
384,48,51,65.5,17,0,51.9,Republican,1,98.1
387,96,33,60.3,17,0,65.4,Republican,1,79.8
390,40,39,40.8,12,1,17.7,Republican,1,72.3
394,92,99,50,16,1,45.8,Republican,1,85.4
400,44,46,60.5,10,0,50.1,Republican,1,76.3
401,35,59,34.9,15,0,55.6,Republican,1,76.4
403,83,39,65.8,17,1,57.3,Republican,1,54.1
404,41,54,28.5,9,1,55.3,Republican,1,42.8
407,49,56,41.2,15,1,46.9,Republican,1,86.5
408,32,61,74.7,12,0,22,Republican,1,76.6
409,48,9,70.1,9,1,75,Republican,1,75.9
410,39,48,78.4,12,0,58.6,Republican,1,58.7
412,75,75,49.6,14,1,26,Republican,1,74.8
413,31,40,22.7,16,0,54.8,Republican,1,51.1
416,58,61,18.3,12,1,57.6,Republican,1,53.2
418,66,77,51.6,16,0,57.5,Republican,1,97
419,71,54,61.1,12,1,44.6,Republican,1,89.4
422,79,34,43.9,17,0,33.5,Republican,0,97.3
425,32,55,86.2,12,0,33.4,Republican,0,63.5
428,49,18,76.2,12,0,90,Republican,0,76
431,80,94,74.1,15,0,70.2,Republican,0,86.1
439,58,61,72.8,15,1,59.3,Republican,0,79
442,10,24,57.2,9,0,44.7,Republican,0,67.3
443,79,45,69.6,16,1,45.1,Republican,0,80.3
444,74,47,31.8,16,0,43.5,Republican,0,84.8
446,40,93,19,12,1,46.2,Republican,0,53
448,70,33,55.4,12,1,41.5,Republican,0,83.1
450,87,70,55.9,18,0,77.4,Republican,0,75.5
451,48,73,29.8,12,1,79.1,Republican,0,53.6
452,36,99,22.8,14,0,67.1,Republican,0,79.6
453,93,90,71.6,12,0,55,Republican,0,90.7
457,50,39,35.3,12,1,44.2,Republican,0,58.9
458,15,57,55.6,12,0,42,Republican,0,71.1
460,75,45,39.2,12,1,58.3,Republican,0,71.7
461,87,72,47.6,17,1,70.6,Republican,0,77.6
463,54,51,49.8,18,1,43.6,Republican,0,80.2
464,40,39,54.7,12,0,40.4,Republican,0,79.5
467,87,66,74.7,12,0,60.9,Republican,0,99.9
468,39,47,38.2,16,1,37.4,Republican,0,87
469,57,60,76.4,18,0,76.9,Republican,0,83.9
471,40,78,72.1,12,0,57.7,Republican,0,43.3
475,58,70,40.8,13,0,43.4,Republican,0,95.3
480,37,88,53.6,16,1,70.8,Republican,0,96.5
481,79,86,76.4,12,1,52.5,Republican,0,69.4
482,28,58,69.2,9,0,19.2,Republican,0,82.4
486,89,43,55.1,12,1,64,Republican,0,75.3
490,44,99,73.1,12,0,43.2,Republican,0,99.1
492,52,51,66.4,13,0,59.9,Republican,0,99.1
494,36,6,36.1,16,0,39.9,Republican,0,76.9
498,57,71,42.5,12,1,53,Republican,0,85.7
499,83,39,55.5,12,1,64.6,Republican,0,91.7
503,13,28,59.5,12,0,60,Republican,0,26
504,45,24,42.8,12,1,48.5,Republican,0,70.1
505,89,78,58.5,14,0,69.6,Republican,0,95.6
508,50,73,37.7,13,0,50.5,Republican,0,85.2
510,40,88,32.9,13,0,45.7,Republican,0,64.9
511,40,37,34.3,18,0,2.8,Republican,0,82.1
512,14,75,26.8,14,0,58,Republican,0,78.8
513,23,61,40.4,15,1,35.2,Republican,0,88.9
515,71,52,61.3,11,0,49.4,Republican,0,39.8
521,70,52,41.9,18,0,43.6,Republican,0,86.9
522,58,69,18.5,12,0,37.8,Republican,0,55.7
525,91,55,76.6,18,1,75.3,Republican,0,91.3
527,28,87,71.9,8,1,65,Republican,0,87.9
532,37,59,52.8,14,0,26.4,Republican,0,58.5
536,26,13,58.7,12,0,41.6,Republican,0,67
538,35,61,43.3,15,0,75.6,Republican,0,95.5
540,41,96,21.8,14,1,25.2,Republican,0,80.5
542,75,45,34.6,16,0,46,Republican,0,65
543,28,40,45.9,15,0,65.9,Republican,0,38.8
546,75,46,33.1,12,1,46.6,Republican,1,95.1
547,48,10,29.2,12,0,59.5,Republican,1,45.3
549,40,64,34.6,14,1,72.5,Republican,1,69.3
550,79,21,34.7,18,1,60.2,Republican,1,53.9
553,41,62,18.7,11,1,30.3,Republican,0,66.2
554,63,74,47.5,15,1,51,Republican,0,86.6
557,49,38,50.6,15,0,41.5,Republican,0,73.1
558,66,77,62.7,16,0,49.7,Republican,0,83.4
559,48,76,26.4,14,0,67.7,Republican,0,93.4
560,10,32,70.8,10,0,48.4,Republican,0,74
562,93,41,35.4,16,1,78.5,Republican,0,85.8
563,53,21,62.1,14,1,70.3,Republican,0,73.3
565,83,36,64.9,13,0,74.8,Republican,0,76.6
567,92,71,34.2,18,1,48.1,Republican,0,84.5
568,63,53,52.9,15,0,77.4,Republican,0,65.9
573,93,49,63.2,17,0,59.8,Republican,0,94.5
574,67,36,39.8,16,0,86.7,Republican,0,81.4
575,28,94,35.5,12,0,45.4,Republican,0,78.1
576,80,74,64.8,12,1,10,Republican,0,91.3
577,54,58,35.8,17,1,35.6,Republican,0,93.3
578,65,10,34.2,16,0,75.7,Republican,0,80.2
580,31,71,39.2,15,1,49.8,Republican,0,74
581,66,31,38,18,0,65.5,Republican,0,99.9
582,66,73,54,18,0,70,Republican,0,75.9
583,93,97,79.9,18,1,51.3,Republican,1,82.3
584,27,39,69.4,12,0,43.3,Republican,1,62.5
585,79,83,92.9,12,0,34.9,Republican,1,84.4
587,14,16,83.4,8,0,56.4,Republican,1,60.1
589,92,69,77.4,16,0,71.8,Republican,1,93.3
590,45,33,18.8,12,0,46.8,Republican,1,91.8
591,71,95,54.6,17,1,64.9,Republican,1,55.9
594,84,54,31.2,16,1,77.6,Republican,1,84.7
597,14,82,56,12,0,23.5,Republican,1,68.6
600,62,90,23.6,16,0,46.4,Republican,1,87.1
603,36,83,44.1,15,1,63.5,Republican,1,90
604,57,70,81.3,13,0,12.2,Republican,1,65.3
605,71,31,32.1,13,1,44.4,Republican,1,75.2
606,58,76,52.5,18,0,49.5,Republican,1,89.1
607,78,53,56.9,16,1,70.6,Republican,1,67.3
610,75,96,52.3,16,0,50,Republican,1,79
611,83,33,58.9,17,0,59,Republican,1,87.8
612,43,18,62.9,16,0,49,Republican,1,63.1
614,80,86,54.4,16,0,67.5,Republican,1,91.2
615,57,37,50.1,12,1,27.4,Republican,1,72.1
616,61,79,44.2,12,0,56.8,Republican,1,74.1
617,13,15,41.2,12,0,49.7,Republican,1,92.4
619,70,50,51.4,14,1,87.5,Republican,1,97.7
624,83,48,50.6,17,1,56.9,Republican,1,78.6
626,49,45,44.3,16,0,70,Republican,1,89.1
630,67,47,72.4,16,1,24.3,Republican,1,73.5
631,48,56,74,14,0,78,Republican,1,90.1
636,75,62,46.7,16,0,86.1,Republican,1,92.3
637,58,13,48.4,12,1,35.2,Republican,1,93.3
639,85,44,34.8,18,0,56.9,Republican,1,75.1
641,61,53,61.3,17,0,36.9,Republican,1,54.5
644,53,25,77.1,12,0,5,Republican,1,77.2
645,49,44,43.5,16,0,58.2,Republican,1,79.4
646,40,92,33,18,0,57.6,Republican,1,79.9
650,49,80,82.4,12,0,32.1,Republican,1,75
653,93,36,62,17,1,71.5,Republican,1,65.7
658,89,76,32.4,15,1,51.4,Republican,1,79.2
659,44,32,77.9,9,0,45.1,Republican,1,77
660,92,99,46.1,14,1,43.6,Republican,1,58.1
661,45,6,55.4,12,1,42.8,Republican,1,93
662,44,29,40.6,14,1,51.6,Republican,1,86.9
664,44,25,52.6,12,0,51.1,Republican,1,63.3
665,45,33,42.8,12,1,49,Republican,1,76.6
667,35,19,54.1,14,0,51.6,Republican,1,78.6
668,71,15,58.3,13,1,50.4,Republican,1,63.8
671,83,99,50.2,16,0,58.6,Republican,1,74
672,83,96,69.9,18,0,66.5,Republican,1,75.2
673,74,58,34.1,15,1,77,Republican,1,84.5
674,50,47,54.8,16,0,74.7,Republican,1,82.3
675,84,43,51.7,18,0,74.2,Republican,1,70.2
676,93,66,59.2,18,1,51.8,Republican,1,86.7
678,92,37,34.4,16,1,46.9,Republican,1,86.8
681,65,53,70.1,17,1,67.8,Republican,1,76.9
682,52,92,39.3,17,0,68.4,Republican,1,87.5
683,41,89,69.6,12,0,50.7,Republican,1,92.9
684,53,23,68.4,12,1,4.6,Republican,1,52.2
685,45,75,26.3,16,0,68.6,Republican,1,86.6
686,50,51,33.1,12,1,38.8,Republican,1,75.1
687,58,78,74.3,17,1,34.8,Republican,1,91.4
688,58,79,60.3,12,0,57.3,Republican,1,87.6
690,61,57,59.5,16,1,46.8,Republican,1,86.5
691,61,50,39.4,13,0,59.1,Republican,1,84.5
694,18,13,71.1,8,0,31.7,Republican,0,86.4
699,62,63,64.4,16,0,79,Republican,0,93.1
701,92,66,62.5,15,1,70.5,Republican,0,79.8
702,54,55,33.2,10,1,27,Republican,0,56.7
703,22,89,53.6,10,0,38.8,Republican,0,69.3
704,61,100,83.5,17,1,39.2,Republican,0,63.5
705,49,97,39.6,14,0,58.2,Republican,0,98.9
709,18,6,40.1,12,1,48.4,Republican,0,54.4
713,44,78,70.1,15,0,54.2,Republican,0,53.8
714,40,96,56.6,16,0,48,Republican,0,74
719,88,60,57.4,13,1,71.5,Republican,0,71.7
722,92,95,70.1,17,1,47.5,Republican,0,83.7
723,87,98,34.9,16,0,43.3,Republican,0,89.3
728,97,84,39.3,17,1,64.8,Republican,0,69.2
730,32,24,26.1,14,0,59,Republican,0,71.1
731,41,97,50.2,13,0,52.6,Republican,0,89.6
733,23,18,47.7,12,0,41,Republican,0,70.7
737,36,69,31.1,13,1,51.8,Republican,0,58.1
738,70,99,55.2,12,0,54.5,Republican,0,87.5
740,74,73,49.8,9,0,30.5,Republican,0,88.9
741,91,93,41.6,10,1,58.9,Republican,0,84.8
744,18,74,18.7,12,1,73.4,Republican,0,44.1
745,39,74,22.9,16,0,66.2,Republican,0,88.6
746,100,33,55.5,18,1,54.9,Republican,0,85.7
753,58,43,49.6,12,1,41.2,Republican,0,96.2
755,88,85,36.2,15,0,90.9,Republican,0,95.3
758,31,20,54,18,1,30,Republican,0,63
759,61,32,70.7,8,1,30.1,Republican,0,85.9
762,48,50,52.4,15,1,47.3,Republican,0,89.1
766,53,71,47,12,1,53.9,Republican,0,64.5
768,75,61,47.9,13,0,79.5,Republican,0,57.3
771,44,25,95.3,9,0,51.4,Republican,0,68.8
772,96,85,63.2,16,0,57.7,Republican,0,96.1
773,49,27,51.1,13,1,32.9,Republican,0,85.8
774,36,21,25.8,14,0,84.8,Republican,0,50.2
776,67,28,55.8,12,0,76,Republican,0,100
777,84,55,48.9,14,1,86.9,Republican,0,96
778,97,54,62.9,18,1,78.9,Republican,0,91.7
781,32,32,23.3,12,1,22.2,Republican,0,78.4
783,83,77,45.5,16,0,56.1,Republican,0,93.6
784,11,59,22.5,12,0,40.7,Republican,0,70.8
785,62,77,18.9,10,1,57.8,Republican,0,51
788,75,75,69.9,15,0,59.6,Republican,0,97.1
791,19,42,31,12,1,26.8,Republican,0,51.3
792,84,74,36.2,15,1,59.1,Republican,0,52
797,74,83,23.6,16,1,92.9,Republican,1,79.8
799,66,25,56.2,14,1,47.1,Republican,1,82.3
801,58,78,85.9,12,0,41.5,Republican,1,94.1
805,66,32,49.9,13,1,22.7,Republican,1,80.8
806,87,79,43.1,16,0,47,Republican,1,78.8
808,80,52,64.5,13,1,55.2,Republican,1,83.2
809,87,67,80.4,14,0,67.7,Republican,1,80.9
810,89,91,84.3,18,0,50.5,Republican,1,87.8
811,92,51,70,18,1,53.5,Republican,1,54.9
813,57,77,55.8,14,1,53.8,Republican,1,51.1
814,84,94,60,18,0,61.2,Republican,1,82.3
815,79,55,43.8,13,0,71.8,Republican,1,73.1
817,88,73,39.6,17,0,93.7,Republican,1,95.1
818,66,6,41.9,16,0,76.1,Republican,1,89.8
821,27,52,78.5,9,0,26.5,Republican,1,85.7
827,61,69,65.2,16,0,43.4,Republican,1,53.9
829,49,73,44.6,17,0,59.2,Republican,1,55.8
832,27,77,20,13,0,55.6,Republican,1,67.7
833,36,94,80.8,12,0,79.4,Republican,1,53
838,57,23,47.9,16,0,53.6,Republican,1,89.9
839,70,58,51.4,12,0,55.6,Republican,1,73.6
840,19,96,42.1,12,0,38.5,Republican,1,59.5
842,80,19,30.8,13,1,61.2,Republican,0,56.2
843,57,92,18.6,18,0,75.7,Republican,0,83.2
844,75,26,71.8,14,0,92.9,Republican,0,80.1
845,54,52,55.3,16,1,37,Republican,0,77.8
849,93,78,71.2,12,1,41.5,Republican,0,93.8
851,24,14,70,8,0,45.4,Republican,0,91.5
852,84,90,76.9,18,1,76.9,Republican,0,79
856,58,19,18.8,12,1,54,Republican,0,51.9
857,58,17,65.6,8,1,41.8,Republican,1,75.1
859,50,35,60.8,12,0,44.9,Republican,1,79.8
862,92,57,56.9,15,1,55.7,Republican,1,71.6
863,49,42,23.4,14,0,53.6,Republican,1,37.7
865,44,17,68.4,12,0,45.8,Republican,1,69.4
866,49,11,80.3,9,1,51.7,Republican,1,55.7
871,65,83,49,17,1,33.6,Republican,1,85.6
872,78,21,53.5,18,1,77,Republican,1,78
877,79,63,76.4,16,0,53.8,Republican,1,94.4
878,83,83,60.3,16,0,76.5,Republican,1,80.9
879,84,18,34.2,18,0,53.3,Republican,1,89.4
880,49,40,62.2,12,1,44.7,Republican,1,70.8
883,48,96,72.2,18,1,40.4,Republican,1,51.2
884,52,49,52.3,18,0,49,Republican,1,84.6
885,67,28,47.6,10,0,50.9,Republican,1,49.5
886,52,46,28.2,17,0,93.2,Republican,1,65.8
887,84,39,75.9,11,1,55.8,Republican,1,90.3
889,88,97,60,16,1,38.5,Republican,1,80.7
890,97,81,84.8,12,1,40.8,Republican,1,63.8
893,71,98,40.5,16,1,31.6,Republican,1,76.7
894,23,88,86.8,8,0,84,Republican,1,63.1
895,70,64,82.3,15,1,57.2,Republican,1,66.3
896,97,54,64.5,16,0,80,Republican,1,65.3
898,5,28,75.6,14,0,42.6,Republican,1,48.4
899,62,55,85.7,14,0,78.4,Republican,1,95.8
900,97,73,52.2,17,1,41.8,Republican,1,92.1
901,88,93,70.3,16,1,75.2,Republican,1,66.6
903,84,68,58.3,16,1,64.5,Republican,1,85.5
910,62,38,26.2,14,0,62.7,Republican,1,69.9
911,75,56,66.9,12,1,22.6,Republican,1,62.5
912,48,65,52.2,13,0,37.4,Republican,1,85.1
914,62,35,40.8,16,1,65,Republican,1,82.1
915,27,35,82.2,8,0,55,Republican,1,76.6
916,48,44,56.2,12,1,18,Republican,1,37.8
917,40,43,18.6,12,0,47,Republican,1,49.6
918,74,40,57.2,14,1,24.5,Republican,1,75
919,92,30,58.7,17,1,44.3,Republican,1,77.4
923,76,31,79.1,16,1,58.5,Republican,1,75.9
924,75,40,51.1,17,0,73.4,Republican,1,58
925,65,78,35.3,16,1,31.9,Republican,1,90.9
927,31,16,22.7,14,0,43.6,Republican,1,97.8
928,93,27,79,16,1,70.4,Republican,1,86
929,74,47,56.1,17,0,52.7,Republican,1,75.6
930,80,87,51,10,1,40.7,Republican,1,81.9
931,57,49,24.9,15,0,75.2,Republican,1,92.9
932,53,52,77.4,12,1,20.1,Republican,1,40.5
933,66,41,78.6,9,1,6,Republican,1,83.2
937,74,51,81.1,17,0,75.8,Republican,1,75.2
940,41,42,27.2,15,1,54.1,Republican,1,70.9
943,40,12,36.1,16,0,76.3,Republican,1,78.5
944,80,60,48.3,18,1,56.8,Republican,1,79
946,31,24,39.1,12,0,67.3,Republican,0,59.5
949,52,40,34.2,18,1,34.8,Republican,0,82.5
950,63,86,24.6,16,1,55.4,Republican,0,92.5
951,37,41,30.3,12,1,47.4,Republican,0,99.7
952,79,56,46.3,16,0,45.8,Republican,0,95.2
953,9,95,33.6,11,0,89.2,Republican,0,43.6
955,87,70,48.2,18,1,49.2,Republican,0,91.3
956,89,94,79,13,1,43.1,Republican,0,90.3
957,45,77,33,16,0,47.4,Republican,0,96.4
958,45,70,49,12,0,58.7,Republican,0,98.4
960,37,62,22.9,13,1,65.1,Republican,0,70.4
964,54,51,38.9,14,1,47.3,Republican,0,73
965,10,24,24.9,12,0,76,Republican,0,29.6
966,76,65,64.3,13,1,41.3,Republican,0,64.7
967,66,64,74.2,12,0,57.8,Republican,0,84.4
969,9,56,88.5,17,0,28.6,Republican,0,68.1
970,5,18,40.9,13,1,27,Republican,0,58.6
972,92,78,54.2,18,1,49.1,Republican,0,95.5
973,27,36,18.9,12,0,61.3,Republican,0,62.2
975,74,66,83.8,14,0,43,Republican,0,97.6
977,75,34,37.6,15,1,22.6,Republican,0,76.3
978,67,47,30.8,17,0,36.6,Republican,0,78.2
983,62,72,80.9,14,1,25.5,Republican,0,66.1
984,83,42,74.5,15,0,33.3,Republican,0,53.7
985,44,27,57.6,9,1,13,Republican,0,32.7
987,87,54,66.4,15,1,59.8,Republican,0,57.9
989,87,78,71.5,14,0,28,Republican,0,88.7
992,70,71,71.9,16,1,71,Republican,0,77.3
995,61,67,56.2,13,1,51.2,Republican,0,82.8
999,45,41,42.7,14,0,46.7,Republican,0,76.3
1005,98,51,40.3,18,1,44.2,Republican,0,80.6
1006,62,65,75.2,12,0,58.3,Republican,0,86.6
1007,49,14,50.4,12,1,53.8,Republican,0,51.7
1008,18,45,40.5,12,0,58.8,Republican,0,77.5
1010,88,82,48.7,17,1,51,Republican,0,86
1012,57,59,56.1,16,0,41.4,Republican,0,80.6
1013,58,60,57.6,12,0,44.6,Republican,0,71.2
1015,44,15,84.4,12,0,28.6,Republican,0,80.2
1016,93,76,70.5,16,1,42.1,Republican,0,64.6
1017,36,55,36.7,12,0,50.6,Republican,0,83.4
1019,53,81,41.3,13,0,31.5,Republican,0,72.3
1021,78,28,60.2,18,1,56.2,Republican,0,65.8
1022,80,78,57.2,18,1,59.5,Republican,0,92.1
1023,27,8,65.2,12,0,44.4,Republican,0,63.3
1024,36,51,34,15,0,30.6,Republican,0,81.9
1025,71,60,53.2,12,0,22.4,Republican,0,88.6
1028,66,33,66.2,12,1,49.5,Republican,0,69.9
1031,93,37,57.5,16,0,78.9,Republican,0,86.1
1036,88,90,51.1,16,1,44.7,Republican,0,96.2
1037,61,31,58.6,13,1,33,Republican,0,97.7
1038,45,12,24.6,12,0,49.2,Republican,0,55.5
1041,54,51,57.2,12,1,56.3,Republican,0,79.7
1042,76,97,59.5,12,0,69.2,Republican,0,97.6
1043,24,65,22.6,12,0,17,Republican,0,51.2
1045,57,51,59.9,12,1,58.9,Republican,0,84.9
1048,88,99,68.6,16,0,61.9,Republican,0,84.4
1049,57,58,60.3,8,1,40.1,Republican,0,88.2
1050,66,43,68.2,16,1,46.2,Republican,0,83.6
1053,74,88,47.2,17,1,52.4,Republican,0,91.5
1054,57,97,45.4,12,1,19,Republican,0,78.3
1057,83,57,66.8,14,1,55.9,Republican,0,70.6
1060,62,50,30.5,16,1,45.3,Republican,0,73.9
1061,58,64,46.7,13,0,76,Republican,0,85.4
1062,67,78,52.1,14,0,66.9,Republican,0,85.9
1067,97,34,29.4,15,1,94.9,Republican,0,77.8
1070,44,13,42.9,12,0,52.4,Republican,0,82.9
1078,79,81,66.1,16,0,54.9,Republican,0,81.5
1081,44,18,52.4,12,0,36.3,Republican,0,86.7
1083,49,32,60.3,12,0,68.6,Republican,0,88.6
1084,40,28,47.2,12,1,47.9,Republican,0,74.6
1085,71,72,48.2,15,1,41.9,Republican,0,75.2
1087,10,37,61,8,0,80.3,Republican,0,59.5
1088,62,27,58.5,12,1,39,Republican,0,60.5
1089,41,21,38.4,16,0,38.6,Republican,0,93.4
1092,70,24,75.7,12,0,20,Republican,0,69.1
1095,91,33,70.5,13,0,46.2,Republican,0,87.4
1096,44,35,24.6,12,1,66,Republican,0,52.2
1098,66,47,62.7,10,1,43.3,Republican,0,82
1099,37,71,35,15,1,59.2,Republican,1,37.8
1100,80,34,25.8,16,0,72.8,Republican,1,60.5
1105,70,66,62.9,18,1,77,Republican,1,97.6
1107,41,59,54.3,12,1,80,Republican,1,38.2
1108,88,67,53.3,12,1,82.1,Republican,1,30.3
1112,62,51,60.7,18,0,93.3,Republican,1,90.5
1114,71,6,27.8,16,0,87.1,Republican,1,84.4
1115,61,71,37.1,12,0,82.1,Republican,1,85.8
1116,96,90,42.4,18,0,59.9,Republican,1,93.2
1117,88,53,48.4,16,0,73.9,Republican,1,99.4
1118,88,59,31.7,17,1,85.8,Republican,1,61.7
1119,35,8,29.7,14,0,65.5,Republican,1,78.4
1121,58,22,33.7,16,0,89.1,Republican,1,77.7
1122,57,93,70.1,16,1,43.2,Republican,1,76.9
1125,97,98,50.1,12,1,77.1,Republican,1,71.9
1126,32,44,80.6,14,1,54.8,Republican,1,87.5
1127,80,77,68.7,12,1,40.9,Republican,1,83.9
1128,91,72,54.1,18,1,81,Republican,1,40.5
1129,39,14,49.2,12,0,59.2,Republican,1,95.2
1130,58,88,18.1,12,1,61.8,Republican,1,68.6
1131,35,29,42.4,12,0,56.8,Republican,1,81.7
1132,61,39,67.2,12,0,40.5,Republican,1,97.2
1133,97,48,47,12,1,22.1,Republican,1,73.7
1134,62,61,47.1,12,0,20.2,Republican,1,82.8
1137,66,38,66.3,13,1,57.7,Republican,1,68.2
1138,62,33,81.6,12,1,45.7,Republican,1,84.6
1139,75,71,34.2,16,0,50.5,Republican,1,86.9
1140,58,80,44.8,16,0,55,Republican,1,75.9
1141,28,54,56.7,12,1,56.5,Republican,1,62.4
1142,83,64,47.9,13,1,50.2,Republican,1,84.6
1147,50,89,27.1,12,1,81.5,Republican,1,68.8
1149,66,29,42.4,14,1,29.9,Republican,1,77
1152,57,59,40.1,12,0,22.4,Republican,1,62.4
1153,61,54,71.5,12,1,32.5,Republican,1,85.9
1155,88,78,60.3,12,0,44.5,Republican,1,70.8
1157,44,20,53.4,12,0,26.6,Republican,1,69.9
1166,44,6,45.9,12,1,51.2,Republican,1,84.6
1170,24,6,26.6,12,1,26.8,Republican,1,91.7
1172,75,25,55.4,13,1,69,Republican,1,77.1
1173,91,90,58.9,18,1,44.7,Republican,1,81.7
1175,83,98,83.5,14,1,36.8,Republican,1,66.2
1176,41,22,42.2,15,0,41.5,Republican,1,78.4
1177,36,6,40,12,1,30.5,Republican,1,75.3
1179,48,20,41.3,16,0,72,Republican,1,86.2
1180,49,48,29.7,17,1,41.6,Republican,1,89.8
1181,80,90,80.7,10,1,20.3,Republican,1,67.8
1183,66,79,30.6,14,0,43.2,Republican,1,42.1
1185,53,55,29.7,16,0,54.3,Republican,1,58.2
1186,0,94,18.1,12,0,53.2,Republican,1,28
1187,13,63,75.6,11,0,72.1,Republican,1,57.5
1188,58,83,62.9,14,0,29.6,Republican,1,83.3
1192,49,45,33.6,16,0,42.1,Republican,1,76
1195,41,55,66,12,0,80,Republican,1,83.8
1196,70,31,53.6,16,1,39.9,Republican,1,90.6
1197,75,70,86.2,16,0,44.3,Republican,1,59.4
1198,88,44,43,16,1,49.7,Republican,1,67.9
1199,40,60,39.8,12,1,55.9,Republican,1,39.8
1200,85,51,50.8,12,1,43.9,Republican,1,86.6
1201,88,73,68.9,12,1,51.9,Republican,1,96.7
1203,31,51,52.3,12,0,76.9,Republican,0,61.5
1206,66,68,62.8,12,0,53.4,Republican,0,53.5
1207,71,33,65.4,18,1,55.4,Republican,0,72.6
1208,19,48,19,9,0,60.5,Republican,0,84.2
1209,44,97,21.2,12,1,89.8,Republican,0,59.5
1213,45,54,52.6,8,0,53,Republican,0,91.8
1215,71,17,69.8,15,1,39,Republican,0,67.2
1217,92,51,76.8,12,1,27.8,Republican,0,90.6
1220,62,53,53.7,14,1,52.5,Republican,0,56.4
1223,53,33,70.4,10,0,59.8,Republican,0,77.9
1227,31,60,19.9,12,0,58.5,Republican,0,83.7
1229,84,31,44.7,16,1,52.5,Republican,0,81.2
1230,32,37,40.3,14,0,25.3,Republican,0,60.7
1232,67,97,38.9,16,0,76.5,Republican,0,89.5
1233,23,38,55.3,12,0,35,Republican,0,96.9
1236,48,50,48.7,17,0,48.7,Republican,0,76.8
1237,53,86,40.5,15,0,39.2,Republican,0,63.5
1239,84,83,30.7,17,1,79.1,Republican,0,98.9
1242,28,38,30.2,13,0,59.8,Republican,0,79.9
1243,58,28,74.8,13,0,65.9,Republican,0,78.6
1244,76,41,46.1,16,0,44.7,Republican,0,85.9
1245,27,42,40.7,12,0,38.6,Republican,0,86.8
1247,84,46,51.5,12,1,85,Republican,0,66.5
1248,62,53,48.8,15,0,43.5,Republican,0,80.3
1251,62,17,46.9,18,0,87,Republican,0,91.2
1252,39,56,63.5,12,0,35.6,Republican,0,65.3
1259,44,26,24.1,16,0,57.4,Republican,0,52.6
1263,9,66,83,8,0,38.4,Republican,0,78.6
1266,31,24,30.9,12,0,33,Republican,0,55
1269,49,30,48.2,16,0,57.3,Republican,0,70.3
1272,41,19,38.7,13,0,22,Republican,0,67
1275,54,74,72.7,8,1,68.4,Republican,0,99.6
1277,35,82,52.7,11,0,41.6,Republican,0,76.8
1280,80,17,32.1,17,0,66.9,Republican,0,69.4
1284,53,80,64,16,0,83.9,Republican,0,55.9
1285,18,13,73.7,14,0,30.9,Republican,0,78.4
1286,23,85,71.3,8,0,98,Republican,0,72.9
1289,79,60,75.4,18,0,36.5,Republican,0,75.9
1290,65,47,30.1,16,0,48,Republican,0,62.7
1291,13,62,83.7,12,0,91.7,Republican,0,92
1292,80,12,29.1,17,0,77.9,Republican,0,81
1302,44,6,55.6,9,1,100,Republican,0,82.5
1303,45,45,52.9,13,0,62.6,Republican,0,57.7
1304,100,30,63.6,17,1,48.4,Republican,0,90.1
1305,14,16,60.7,13,0,5,Republican,0,28.4
1307,32,27,70.7,10,0,39.1,Republican,0,32.2
1310,27,9,74.4,12,0,42.1,Republican,0,54.2
1313,49,23,19.8,14,1,46.5,Republican,0,54.7
1316,83,39,35,18,1,49.6,Republican,0,81.9
1318,15,25,68.2,11,0,58.3,Republican,0,55.4
1320,40,98,41.3,10,0,20.6,Republican,0,65.1
1323,62,61,27.7,15,0,66.3,Republican,0,97.9
1324,49,29,62.1,12,0,42.8,Republican,0,67
1326,18,16,56.6,10,0,50.1,Republican,0,67.3
1328,57,74,51.1,12,0,53.8,Republican,0,90.4
1335,48,63,35.2,12,1,32,Republican,0,85.6
1339,67,39,36.2,13,1,48.8,Republican,0,80.6
1341,35,94,18.6,12,0,52.4,Republican,0,42.8
1342,85,76,66.8,15,1,75.7,Republican,0,97.8
1346,13,34,60.2,15,1,75.5,Republican,0,58.3
1350,22,16,50.5,12,1,89.6,Republican,0,94.3
1353,28,54,35.6,9,1,50,Republican,0,69.8
1355,70,95,54.8,18,0,36.9,Republican,0,92.9
1358,45,24,45.7,14,1,59.3,Republican,0,63.7
1359,66,10,46.2,12,1,46.7,Republican,1,83.1
1360,58,11,29.1,17,0,71.6,Republican,1,90.6
1361,35,47,50.1,16,0,42,Republican,1,75.3
1365,80,50,36.6,17,0,91.8,Republican,1,77.1
1366,58,64,81.4,12,0,57.2,Republican,1,87.2
1367,75,100,70.1,14,0,55.4,Republican,1,72.9
1369,74,35,28.6,18,0,72.5,Republican,1,82.8
1370,96,42,49.4,18,1,59,Republican,0,99.7
1373,23,55,38.6,11,1,50,Republican,0,32.4
1376,22,68,47.3,12,1,56.3,Republican,0,63.2
1377,27,78,62.5,9,0,56.5,Republican,0,67.6
1379,35,81,19.9,14,0,93.5,Republican,0,80.2
1381,45,40,49,9,1,24.4,Republican,0,85.7
1382,79,46,76.3,11,0,46.4,Republican,0,81.8
1385,66,88,86.3,14,0,21.8,Republican,0,81
1391,23,33,21.5,12,0,54.6,Republican,0,68.3
1392,66,60,61.4,16,0,64.3,Republican,0,62.4
1395,80,19,24.3,13,1,56.9,Republican,0,87.9
1397,44,65,78.3,15,0,49.5,Republican,0,76.8
1399,93,96,91.1,18,1,41.2,Republican,0,94
1400,61,99,40.8,12,1,27.7,Republican,0,74.7
1402,37,59,28.1,12,0,56.4,Republican,0,76.1
1406,49,35,19.3,12,1,48,Republican,0,53.7
1409,40,21,26.7,14,0,96.2,Republican,0,64.7
1412,96,55,59.2,16,0,47.1,Republican,0,81.8
1414,52,39,35,13,0,22.3,Republican,0,91.5
1415,44,82,61,15,1,50.8,Republican,0,86.2
1417,44,91,63.9,12,1,55,Republican,0,55.5
1421,88,50,22.1,16,1,55.8,Republican,1,64
1423,75,23,43.4,16,0,76.5,Republican,1,69.3
1424,83,26,29.8,16,0,43.8,Republican,1,97.3
1425,48,27,73.9,12,0,29,Republican,1,76.9
1426,97,20,52.5,17,1,48.1,Republican,1,81.6
1431,74,35,70.3,13,1,40.9,Republican,1,58.2
1433,49,32,70.2,14,0,53.6,Republican,1,88.2
1438,79,36,36.6,16,1,52.4,Republican,1,69.9
1441,84,77,63.9,17,0,49.4,Republican,1,99.8
1443,70,55,51.4,12,0,72.2,Republican,1,75.8
1445,79,62,48,13,0,42.5,Republican,1,82
1446,19,51,32.2,12,0,46.5,Republican,1,65.2
1451,71,62,51.7,12,1,22.7,Republican,0,89
1452,65,92,58.4,13,0,46.1,Republican,0,94.9
1454,28,36,25.8,12,0,53.5,Republican,0,53.6
1458,58,22,35.1,17,1,66.3,Republican,0,65.4
1459,67,40,62,14,1,57,Republican,0,86.6
1460,63,69,35.5,18,1,76.6,Republican,1,69.7
1461,49,32,81.1,10,0,27.2,Republican,1,53.8
1464,49,58,35.5,16,0,65.9,Republican,1,87
1466,75,26,58.1,15,0,76.3,Republican,1,74.2
1467,58,57,45.7,12,0,59.1,Republican,1,86.6
1472,44,33,66,12,0,13.4,Republican,1,47.5
1474,70,62,52.8,13,1,53.5,Republican,1,76.9
1478,28,61,85.7,15,0,38.3,Republican,1,87.1
1482,36,38,18.8,12,1,43.4,Republican,1,40
1483,75,59,58.8,12,0,47,Republican,1,75.3
1485,57,34,37.8,12,0,23.2,Republican,1,39
1486,66,95,82.3,18,1,53.6,Republican,1,86.8
1487,35,14,50.1,12,0,78,Republican,1,85.2
1488,49,36,43,16,1,57.3,Republican,1,37.2
1489,87,42,57.3,16,1,64,Republican,1,73.1
1490,66,44,45.5,12,0,46,Republican,1,89.8
1495,57,28,46.5,12,1,52.3,Republican,1,75.5
1496,76,88,53.8,13,1,59.7,Republican,1,81.4
1497,36,69,23,15,0,42.5,Republican,1,81.8
1498,62,65,74.4,15,0,27.9,Republican,1,90.1
1502,57,33,29.9,15,1,40.3,Republican,1,80.8
4,26,22,39.3,15,0,23.5,Independent,0,66.8
7,22,63,29.6,10,1,33.2,Independent,0,37.4
10,41,16,18.7,11,1,14,Independent,0,87.3
35,35,34,52.1,16,0,26.9,Independent,0,64.3
42,87,77,65,18,1,50.2,Independent,0,75.3
53,35,9,22.8,12,1,47.5,Independent,0,38.9
65,53,49,49.8,15,1,54,Independent,0,82.8
67,54,23,43.4,12,1,48.9,Independent,0,29.8
69,49,41,91.4,16,0,21,Independent,1,79.7
70,92,42,65.3,16,1,53.1,Independent,1,71.1
90,26,35,49.3,13,0,47.1,Independent,1,38.2
99,14,6,18.8,15,1,28,Independent,1,27.4
100,80,36,70.4,18,1,51,Independent,1,87.6
101,58,28,77,12,0,53.2,Independent,1,80.8
102,9,27,20.7,11,0,32.2,Independent,1,56.1
110,84,54,78.9,16,1,29.8,Independent,1,67.2
118,57,76,60.4,14,1,9.2,Independent,1,73.8
132,19,36,70.8,16,0,29.6,Independent,1,63.2
134,67,24,52.1,17,0,85.9,Independent,1,95.1
135,97,19,78.4,11,1,54.7,Independent,1,59.6
140,14,8,25.9,15,0,36.4,Independent,1,47.1
159,23,21,30.4,12,1,50.3,Independent,1,45.5
165,45,6,42.8,18,0,47.9,Independent,1,86.4
178,41,40,37.9,12,1,40.1,Independent,1,12.9
195,49,25,85.6,13,0,40,Independent,1,24.5
199,40,17,53,12,1,14,Independent,0,43.4
207,80,33,58.8,18,0,55.9,Independent,0,93.1
210,67,52,43.9,16,1,27.9,Independent,0,75.7
211,48,77,58.6,12,0,65.2,Independent,1,93.9
218,63,76,42.1,16,1,77.5,Independent,1,85.9
219,26,28,39.2,14,0,72.1,Independent,1,86.4
222,88,20,65,16,1,65.4,Independent,1,67
224,49,68,37,16,0,67.4,Independent,1,58.2
227,67,69,29.3,13,1,36.4,Independent,1,40.5
229,19,39,20.4,12,0,21.9,Independent,0,25.7
234,40,35,36.7,13,0,27.6,Independent,0,42.8
235,58,30,50.8,13,0,45.6,Independent,0,77.1
236,70,37,71.9,16,1,49,Independent,0,79.6
239,10,37,38,12,0,27,Independent,0,51.7
243,75,86,49.5,12,0,67.3,Independent,0,87.3
247,39,62,38.1,16,0,31,Independent,0,70.6
253,88,75,44.2,18,1,37.3,Independent,0,94.9
254,39,57,35.8,16,0,42.3,Independent,0,83
257,70,28,92.2,17,1,31.7,Independent,0,62.7
265,62,51,52.8,16,1,47.4,Independent,0,69
266,36,40,18.2,12,1,51,Independent,0,36.3
281,63,73,26.2,13,0,31.2,Independent,0,89.1
286,61,26,60.3,16,0,22.7,Independent,0,76.6
295,66,89,45.1,15,1,70.6,Independent,0,92.6
297,13,40,82.4,12,0,30.4,Independent,0,87.1
302,54,74,61,13,1,45.2,Independent,0,67.5
303,14,32,21.3,13,0,56.5,Independent,0,43.3
304,27,27,65.5,14,1,33.5,Independent,0,64.3
305,71,68,51.6,13,1,32,Independent,0,47.4
322,74,59,35.3,16,1,58.8,Independent,0,90.8
334,44,8,61.2,13,0,28.6,Independent,0,68.2
337,28,76,37.1,12,1,13,Independent,0,45
341,27,11,51.1,16,1,77,Independent,0,48
361,14,6,48.1,11,0,76,Independent,0,57.6
377,19,7,26.8,16,0,60.9,Independent,1,41.7
378,80,40,65.3,16,1,57.1,Independent,1,70.8
382,71,58,68.5,13,0,30.7,Independent,1,68.5
389,44,58,80.6,12,1,34.3,Independent,1,86.1
391,31,34,82.7,12,0,59.6,Independent,1,53.8
392,45,11,55.8,16,0,23.7,Independent,1,84.1
399,44,93,78.3,12,0,12,Independent,1,75.1
417,92,52,79.9,13,1,50,Independent,1,94.3
424,36,62,41.5,12,0,52.5,Independent,0,63.3
429,22,14,37.3,10,1,20.9,Independent,0,72.9
433,26,89,33.4,12,0,86.1,Independent,0,90.9
440,84,28,27.2,16,1,57.6,Independent,0,77.7
449,57,43,52,12,0,43.4,Independent,0,93.3
454,39,62,20.5,15,1,56.1,Independent,0,47.9
456,5,12,50.5,12,1,86,Independent,0,98
462,74,24,49.4,16,1,4.6,Independent,0,34.6
466,44,31,84.3,13,0,44.6,Independent,0,95.9
473,45,6,41.3,12,1,60.3,Independent,0,69
478,75,79,35.3,16,1,44.3,Independent,0,58.9
483,18,27,72.3,10,0,39.9,Independent,0,24.3
491,88,99,42.8,17,1,49.6,Independent,0,83.1
497,9,17,34.4,12,1,35.1,Independent,0,80.3
529,31,42,57.9,12,0,2.1,Independent,0,24.5
537,31,15,38.8,14,0,31,Independent,0,76
541,27,6,24.3,12,1,52.3,Independent,0,33.2
551,49,64,44.5,12,1,79,Independent,0,58.9
555,57,97,19.7,12,0,47.3,Independent,0,59.5
556,79,18,40,12,1,21.2,Independent,0,55.4
566,35,44,66.7,12,1,25,Independent,0,87.3
571,75,82,76.2,15,0,38,Independent,0,51.6
572,36,62,40.2,16,1,38,Independent,0,50.1
586,53,87,49.1,12,1,43.9,Independent,1,71.8
588,18,20,44.4,12,1,41,Independent,1,71.4
595,23,52,24.6,14,0,98.3,Independent,1,45.2
598,31,41,21.1,12,0,77.5,Independent,1,71.2
599,32,44,50.3,12,1,99,Independent,1,31.5
623,57,40,49.6,16,0,6,Independent,1,62.8
627,54,39,36.3,12,1,2,Independent,1,76
632,1,6,89.1,12,0,69,Independent,1,28
633,63,62,66.2,14,1,41.9,Independent,1,25.5
642,84,79,53.2,13,1,33.9,Independent,1,76.6
654,97,57,40.6,16,1,42.7,Independent,1,62.6
663,40,15,25.5,12,0,72,Independent,1,79.3
669,35,28,56,13,1,56.3,Independent,1,79.6
677,54,6,24.4,16,1,46.4,Independent,1,73.6
680,58,91,28.3,11,0,69.2,Independent,1,52
689,50,27,43.1,15,0,26,Independent,1,69.9
693,76,11,49,13,1,52.6,Independent,1,87.3
695,58,95,52.7,13,1,95,Independent,0,94.8
711,62,96,56.1,14,0,75,Independent,0,89.6
715,27,41,37.7,12,1,76.1,Independent,0,31.1
721,5,6,19.6,10,1,1,Independent,0,45.5
743,61,48,60.4,12,0,58.5,Independent,0,50.7
747,58,85,49.9,15,1,29.9,Independent,0,85.5
748,35,6,37.1,12,1,17,Independent,0,46.7
751,49,11,29.5,12,1,55,Independent,0,69.2
754,66,7,60,15,1,24,Independent,0,35.8
756,53,58,42.5,17,1,44,Independent,0,82.7
760,28,72,28.4,12,0,53,Independent,0,64.6
763,22,12,30.7,12,0,49,Independent,0,78
767,41,10,77.6,13,0,40,Independent,0,64
786,48,44,47.8,13,1,59.6,Independent,0,90.9
787,45,6,36.5,14,0,41.4,Independent,0,77.8
802,36,65,77,13,0,38.8,Independent,1,58.3
804,35,6,19.5,15,0,52.2,Independent,1,54.7
807,87,10,43.9,17,1,54,Independent,1,82.2
820,75,88,52.4,18,1,63.1,Independent,1,74.7
824,53,93,70.2,12,0,51.5,Independent,1,84.9
825,71,87,67.4,12,1,79,Independent,1,63.7
828,85,96,56.4,18,1,43.5,Independent,1,79.2
830,45,39,48.1,12,1,95.5,Independent,1,48
835,96,90,66.7,14,1,49.7,Independent,1,94
837,50,25,18.1,12,0,58,Independent,1,98.3
846,19,51,18.9,9,0,21,Independent,0,54.2
847,5,6,42.7,13,1,89,Independent,0,36.6
861,27,34,26.9,12,1,52.7,Independent,1,39.1
868,53,55,51.5,12,1,31.3,Independent,1,78.4
869,75,65,81.4,14,1,55.9,Independent,1,79.1
873,88,100,58,16,1,54,Independent,1,78.3
881,52,53,45.9,13,0,82.4,Independent,1,53.4
891,71,82,42.3,18,1,44.6,Independent,1,70.1
892,36,6,48.3,15,0,40.7,Independent,1,97.8
906,65,70,67.2,12,0,34,Independent,1,85
908,35,18,49.1,12,0,74,Independent,1,78.9
909,27,24,68.7,15,0,27,Independent,1,75
935,74,60,72.7,16,1,53.6,Independent,1,72.5
936,70,95,49.4,16,1,50.1,Independent,1,88.3
941,54,69,49.6,16,1,34,Independent,1,38.5
945,79,96,28,13,0,25.9,Independent,1,62.5
959,39,96,24.8,13,0,92.5,Independent,0,42
968,31,20,21.4,12,0,44,Independent,0,68.4
979,48,71,36.4,14,0,37,Independent,0,79.6
986,88,78,40.5,15,1,13,Independent,0,49.6
993,58,62,58.9,13,0,27,Independent,0,68.9
996,45,32,25.7,15,0,48.9,Independent,0,47.1
1000,54,37,79.1,13,0,23.4,Independent,0,54.2
1002,32,16,37.4,12,0,74.6,Independent,0,60.5
1004,35,54,70.6,12,1,51.1,Independent,0,67.5
1018,49,45,37.2,15,0,28.7,Independent,0,58.1
1020,75,16,66,17,1,75,Independent,0,45.8
1027,57,44,26.1,12,0,43.6,Independent,0,59.3
1034,27,32,34.4,13,1,92,Independent,0,34.5
1035,23,6,37,12,0,70,Independent,0,56.1
1039,22,19,35.3,12,0,42.4,Independent,0,59.3
1058,23,60,27.5,12,1,1,Independent,0,48.9
1059,57,57,45.6,12,1,33.8,Independent,0,67.4
1063,92,98,73.5,16,1,1,Independent,0,89.2
1066,23,30,18.7,16,0,66.3,Independent,0,78
1073,19,6,24.4,15,0,58,Independent,0,51.7
1074,65,20,56.5,17,1,25,Independent,0,98.2
1079,22,22,22.2,12,1,23.5,Independent,0,39.2
1090,23,27,26.3,9,0,55.7,Independent,0,60
1097,19,6,36.8,12,1,26,Independent,0,35.1
1106,22,54,79.1,8,1,73.7,Independent,1,52.8
1109,9,6,24,11,0,61.5,Independent,1,70.6
1110,36,13,63.4,12,1,39.3,Independent,1,43.1
1111,57,22,30.7,16,0,56.9,Independent,1,56
1123,23,48,22.7,12,1,64.9,Independent,1,74.4
1124,89,62,65.5,18,1,59.3,Independent,1,72.2
1163,9,32,50.2,12,0,54,Independent,1,7.5
1182,13,38,22.3,15,0,47.8,Independent,1,63.2
1184,44,13,56.8,12,0,36,Independent,1,71.5
1191,23,18,57.7,13,0,49.2,Independent,1,65.7
1193,1,6,38,10,1,64,Independent,1,38.6
1204,35,40,19,12,1,50.7,Independent,0,51
1218,37,45,59.2,12,0,13.7,Independent,0,96.3
1221,23,13,21,15,1,53,Independent,0,38
1224,31,56,18.3,12,1,79,Independent,0,79.7
1235,48,68,63.1,13,0,21.2,Independent,0,69.3
1240,61,49,70.2,12,1,20.7,Independent,0,66.6
1241,15,46,30.6,12,1,89,Independent,0,74.3
1256,70,15,61.8,16,1,38.3,Independent,0,62.5
1262,66,42,39.1,15,1,33.7,Independent,0,55.2
1268,84,64,44.2,16,1,36.2,Independent,0,43.8
1282,70,61,19.6,12,1,52.6,Independent,0,70.4
1283,14,65,34.7,12,0,28.9,Independent,0,80.1
1287,36,16,37.3,14,1,85.8,Independent,0,75.5
1288,58,23,50.6,13,0,52.6,Independent,0,28
1298,41,59,62.6,12,0,27.4,Independent,0,95.8
1319,9,6,26.5,9,0,55.4,Independent,0,21
1321,13,61,24.3,9,0,0.1,Independent,0,41.1
1322,44,41,65.5,16,1,25,Independent,0,66.1
1325,14,56,42.6,10,0,96.8,Independent,0,69.3
1334,84,34,46.2,14,0,64.8,Independent,0,57.7
1336,49,43,47.6,16,1,46.4,Independent,0,94.1
1344,89,39,50,12,1,20.4,Independent,0,86.9
1351,10,20,67.1,12,0,47,Independent,0,47.1
1352,70,49,67.2,12,1,76.5,Independent,0,96
1362,50,48,50.8,12,1,20.2,Independent,1,99.9
1363,52,55,48.7,12,1,99.3,Independent,1,70.6
1374,79,51,53.2,13,1,90.2,Independent,0,56.9
1380,9,43,36.2,12,0,29.6,Independent,0,58.4
1383,40,27,40.7,15,0,21.7,Independent,0,69.2
1387,19,15,68.4,11,1,79.7,Independent,0,59.3
1388,97,65,59.1,18,1,23,Independent,0,77.4
1389,41,48,42.9,12,0,47.8,Independent,0,67.3
1393,27,60,89.3,8,0,60,Independent,0,75.4
1396,65,38,75,14,1,46.2,Independent,0,91.7
1401,23,24,31,12,0,67.6,Independent,0,44
1407,58,62,71.4,18,1,41.9,Independent,0,61.4
1408,66,12,51.8,16,0,56.7,Independent,0,98.2
1419,62,37,45.3,16,0,31.7,Independent,1,91.7
1427,75,89,62.5,13,1,50.6,Independent,1,61.5
1428,61,80,55.6,12,0,50.3,Independent,1,77.3
1430,57,40,44.2,12,1,28.6,Independent,1,60.2
1437,11,13,65.5,13,1,31.7,Independent,1,75.5
1439,31,40,58.3,12,0,62,Independent,1,35.3
1444,88,50,62.5,16,0,90,Independent,1,84
1448,31,69,93.4,18,1,52.2,Independent,1,80.4
1449,84,56,82.1,17,1,31.1,Independent,1,74.7
1450,1,10,77,11,0,27,Independent,0,34
1462,39,41,28.5,16,0,22.8,Independent,1,57
1463,39,46,54.6,12,0,62.8,Independent,1,67.7
1465,31,26,69,14,0,39.4,Independent,1,75.8
1471,32,71,75.5,12,1,45,Independent,1,82.4
1473,65,50,53,13,0,51.8,Independent,1,83.5
1475,76,20,70.8,12,0,58,Independent,1,82.1
1476,40,22,46.7,12,1,55,Independent,1,59.4
1484,97,74,40.5,17,1,42.2,Independent,1,82.3
1492,32,56,47.3,14,1,65.1,Independent,1,67.3
1499,57,42,70.3,11,1,95.9,Independent,1,77.8